timeStamp,elapsed,label,responseCode,responseMessage,threadName,dataType,success,failureMessage,bytes,sentBytes,grpThreads,allThreads,URL,Latency,IdleTime,Connect
1732110877063,685,studytonight Request,200,OK,Thread Group 1-1,text,true,,248417,240,1,1,https://www.studytonight.com/,404,0,375
1732110877063,409,studytonight Request-0,301,Moved Permanently,Thread Group 1-1,text,true,,602,118,1,1,https://studytonight.com/,404,0,375
1732110877475,273,studytonight Request-1,200,OK,Thread Group 1-1,text,true,,247815,122,1,1,https://www.studytonight.com/,203,0,113
1732110877750,122,library Request,200,OK,Thread Group 1-1,text,true,,274028,256,1,1,https://www.studytonight.com/library/,23,0,0
1732110877750,23,library Request-0,301,Moved Permanently,Thread Group 1-1,text,true,,610,126,1,1,https://studytonight.com/library/,23,0,0
1732110877773,99,library Request-1,200,OK,Thread Group 1-1,text,true,,273418,130,1,1,https://www.studytonight.com/library/,38,0,0
1732110877873,124,python Request,200,OK,Thread Group 1-1,text,true,,273469,254,1,1,https://www.studytonight.com/python/,23,0,0
1732110877873,23,python Request-0,301,Moved Permanently,Thread Group 1-1,text,true,,609,125,1,1,https://studytonight.com/python/,23,0,0
1732110877896,101,python Request-1,200,OK,Thread Group 1-1,text,true,,272860,129,1,1,https://www.studytonight.com/python/,37,0,0
1732110877998,132,pythonprogram Request,200,OK,Thread Group 1-1,text,true,,277887,272,1,1,https://www.studytonight.com/python-programs/,24,0,0
1732110877998,24,pythonprogram Request-0,301,Moved Permanently,Thread Group 1-1,text,true,,618,134,1,1,https://studytonight.com/python-programs/,24,0,0
1732110878022,108,pythonprogram Request-1,200,OK,Thread Group 1-1,text,true,,277269,138,1,1,https://www.studytonight.com/python-programs/,43,0,0
1732110878131,132,sort Request,200,OK,Thread Group 1-1,text,true,,292815,338,1,1,https://www.studytonight.com/python-programs/python-program-for-selection-sort,24,0,0
1732110878131,24,sort Request-0,301,Moved Permanently,Thread Group 1-1,text,true,,651,167,1,1,https://studytonight.com/python-programs/python-program-for-selection-sort,24,0,0
1732110878155,108,sort Request-1,200,OK,Thread Group 1-1,text,true,,292164,171,1,1,https://www.studytonight.com/python-programs/python-program-for-selection-sort,43,0,0
1732110878264,124,test Request,200,OK,Thread Group 1-1,text,true,,270684,252,1,1,https://www.studytonight.com/tests/,23,0,0
1732110878264,23,test Request-0,301,Moved Permanently,Thread Group 1-1,text,true,,608,124,1,1,https://studytonight.com/tests/,23,0,0
1732110878287,101,test Request-1,200,OK,Thread Group 1-1,text,true,,270076,128,1,1,https://www.studytonight.com/tests/,37,0,0
1732110878390,200,blog Request,200,OK,Thread Group 1-1,text,true,,256426,256,1,1,https://www.studytonight.com/curious/,24,0,0
1732110878390,24,blog Request-0,301,Moved Permanently,Thread Group 1-1,text,true,,610,126,1,1,https://studytonight.com/curious/,24,0,0
1732110878415,175,blog Request-1,200,OK,Thread Group 1-1,text,true,,255816,130,1,1,https://www.studytonight.com/curious/,112,0,0
